Image,Width(pixels),Height(pixels),Width,Height,Height_Width_Ratio,name,locality,number,specimens_number,Longtitude_convert,Latitude_convert,notes
darlingtoni^_lamington_c.112130_01.jpg,5192,4312,5.192,4.312,0.830508475,darlingtoni,lamington,C.112130,1,153.15,-28.23333333,
darlingtoni^_na_c.75747_01.jpg,5456,3856,5.456,3.856,0.706744868,darlingtoni,na,C.75747,1,NA,NA,
darlingtoni_Broader-Ranges_QM59910_01.jpg,5841,4433,5.841,4.433,0.758945386,darlingtoni,Broader-Ranges,MO59910,1,153.066667,-28.383333,
darlingtoni_Broader-Ranges_QM59910_03.jpg,5654,4081,5.654,4.081,0.721789883,darlingtoni,Broader-Ranges,MO59910,3,153.066667,-28.383333,
darlingtoni_kyogle_c.111794_01.jpg,5352,3856,5.352,3.856,0.720478326,darlingtoni,kyogle,C.111794,1,153.0833333,-28.41666667,
darlingtoni_kyogle_c.111794_02.jpg,5224,3792,5.224,3.792,0.725880551,darlingtoni,kyogle,C.111794,2,153.0833333,-28.41666667,
darlingtoni_kyogle_c.272201_01.jpg,4862,3938,4.862,3.938,0.809954751,darlingtoni,kyogle,C.272201,1,153.106667,-28.389722,
darlingtoni_na_MCZ99054_type.jpg,5280,4672,5.28,4.672,0.884848485,darlingtoni,na,MCZ99054,type,NA,NA,
mitchellae^_na_c.474697_01.jpg,4389,3839,4.389,3.839,0.874686717,mitchellae,na,C.474697,1,149.2166667,-36.93944444,
mitchellae_bilinudgel_c.584209.001_01.jpg,4818,4345,4.818,4.345,0.901826484,mitchellae,bilinudgel,C.584209.001,1,153.5358333,-28.48861111,
mitchellae_broken-head_c.114513_01.jpg,3920,4280,3.92,4.28,1.091836735,mitchellae,broken-head,C.114513,1,153.6,-28.71666667,
mitchellae_broken-head_c.114513_02.jpg,5352,5288,5.352,5.288,0.988041854,mitchellae,broken-head,C.114513,2,153.6,-28.71666667,
mitchellae_broken-head_c.114513_03.jpg,5016,3993,5.016,3.993,0.796052632,mitchellae,broken-head,C.114513,3,153.6,-28.71666667,
mitchellae_broken-head_c.114513_04.jpg,5472,4504,5.472,4.504,0.823099415,mitchellae,broken-head,C.114513,4,153.6,-28.71666667,
mitchellae_broken-head_c.114513_05.jpg,5060,4444,5.06,4.444,0.87826087,mitchellae,broken-head,C.114513,5,153.6,-28.71666667,
mitchellae_broken-head_c.114513_06.jpg,5291,4103,5.291,4.103,0.775467775,mitchellae,broken-head,C.114513,6,153.6,-28.71666667,
mitchellae_broken-head_c.114513_07.jpg,5445,4983,5.445,4.983,0.915151515,mitchellae,broken-head,C.114513,7,153.6,-28.71666667,
mitchellae_broken-head_c.114513_08.jpg,5335,4763,5.335,4.763,0.892783505,mitchellae,broken-head,C.114513,8,153.6,-28.71666667,
mitchellae_broken-head_c.114513_09.jpg,5632,4785,5.632,4.785,0.849609375,mitchellae,broken-head,C.114513,9,153.6,-28.71666667,
mitchellae_broken-head_c.114513_10.jpg,5324,5093,5.324,5.093,0.95661157,mitchellae,broken-head,C.114513,10,153.6,-28.71666667,
mitchellae_broken-head_c.114513_11.jpg,5082,4686,5.082,4.686,0.922077922,mitchellae,broken-head,C.114513,11,153.6,-28.71666667,
mitchellae_broken-head_c.114513_12.jpg,5352,4552,5.352,4.552,0.850523169,mitchellae,broken-head,C.114513,12,153.6,-28.71666667,
mitchellae_broken-head_c.114513_13.jpg,7161,5423,7.161,5.423,0.757296467,mitchellae,broken-head,C.114513,13,153.6,-28.71666667,
mitchellae_broken-head_c.114513_14.jpg,6479,5126,6.479,5.126,0.791171477,mitchellae,broken-head,C.114513,14,153.6,-28.71666667,
mitchellae_broken-head_c.114513_15.jpg,5874,5093,5.874,5.093,0.867041199,mitchellae,broken-head,C.114513,15,153.6,-28.71666667,
mitchellae_broken-head_c.114513_16.jpg,6589,5302,6.589,5.302,0.804674457,mitchellae,broken-head,C.114513,16,153.6,-28.71666667,
mitchellae_broken-head_c.114513_17.jpg,6448,5408,6.448,5.408,0.838709677,mitchellae,broken-head,C.114513,17,153.6,-28.71666667,
mitchellae_broken-head_c.114513_18.jpg,6348,6417,6.348,6.417,1.010869565,mitchellae,broken-head,C.114513,18,153.6,-28.71666667,
mitchellae_broken-head_c.114513_19.jpg,5106,5566,5.106,5.566,1.09009009,mitchellae,broken-head,C.114513,19,153.6,-28.71666667,
mitchellae_broken-head_c.114513_20.jpg,5568,4960,5.568,4.96,0.890804598,mitchellae,broken-head,C.114513,20,153.6,-28.71666667,
mitchellae_broken-head_c.114513_21.jpg,5797,5401,5.797,5.401,0.931688805,mitchellae,broken-head,C.114513,21,153.6,-28.71666667,
mitchellae_broken-head_c.114513_22.jpg,5216,4944,5.216,4.944,0.947852761,mitchellae,broken-head,C.114513,22,153.6,-28.71666667,
mitchellae_broken-head_c.114513_23.jpg,4950,4378,4.95,4.378,0.884444444,mitchellae,broken-head,C.114513,23,153.6,-28.71666667,
mitchellae_broken-head_c.114513_24.jpg,5852,4334,5.852,4.334,0.740601504,mitchellae,broken-head,C.114513,24,153.6,-28.71666667,
mitchellae_broken-head_c.114513_25.jpg,5024,4480,5.024,4.48,0.891719745,mitchellae,broken-head,C.114513,25,153.6,-28.71666667,
mitchellae_broken-head_c.114513_26.jpg,4444,4279,4.444,4.279,0.962871287,mitchellae,broken-head,C.114513,26,153.6,-28.71666667,
mitchellae_broken-head_c.114513_27.jpg,4248,3888,4.248,3.888,0.915254237,mitchellae,broken-head,C.114513,27,153.6,-28.71666667,
mitchellae_broken-head_c.114513_28.jpg,4257,3993,4.257,3.993,0.937984496,mitchellae,broken-head,C.114513,28,153.6,-28.71666667,
mitchellae_broken-head_c.114513_29.jpg,4499,4510,4.499,4.51,1.002444988,mitchellae,broken-head,C.114513,29,153.6,-28.71666667,
mitchellae_broken-head_c.114513_30.jpg,4895,4048,4.895,4.048,0.826966292,mitchellae,broken-head,C.114513,30,153.6,-28.71666667,
mitchellae_broken-head_c.114513_31.jpg,4272,4088,4.272,4.088,0.956928839,mitchellae,broken-head,C.114513,31,153.6,-28.71666667,
mitchellae_broken-head_c.114513_32.jpg,4290,3762,4.29,3.762,0.876923077,mitchellae,broken-head,C.114513,32,153.6,-28.71666667,
mitchellae_broken-head_c.114513_33.jpg,5088,4384,5.088,4.384,0.86163522,mitchellae,broken-head,C.114513,33,153.6,-28.71666667,
mitchellae_broken-head_c.114513_34.jpg,4120,4048,4.12,4.048,0.982524272,mitchellae,broken-head,C.114513,34,153.6,-28.71666667,
mitchellae_broken-head_c.114513_35.jpg,4448,3808,4.448,3.808,0.856115108,mitchellae,broken-head,C.114513,35,153.6,-28.71666667,
mitchellae_broken-head_c.114513_36.jpg,4576,4624,4.576,4.624,1.01048951,mitchellae,broken-head,C.114513,36,153.6,-28.71666667,
mitchellae_broken-head_c.114513_37.jpg,4592,4256,4.592,4.256,0.926829268,mitchellae,broken-head,C.114513,37,153.6,-28.71666667,
mitchellae_broken-head_c.114513_38.jpg,4686,4103,4.686,4.103,0.875586854,mitchellae,broken-head,C.114513,38,153.6,-28.71666667,
mitchellae_broken-head_c.114513_39.jpg,4213,4026,4.213,4.026,0.955613577,mitchellae,broken-head,C.114513,39,153.6,-28.71666667,
mitchellae_broken-head_c.114513_40.jpg,4510,4158,4.51,4.158,0.92195122,mitchellae,broken-head,C.114513,40,153.6,-28.71666667,
mitchellae_broken-head_c.114513_41.jpg,4352,4064,4.352,4.064,0.933823529,mitchellae,broken-head,C.114513,41,153.6,-28.71666667,
mitchellae_broken-head_c.114513_42.jpg,3883,4081,3.883,4.081,1.050991501,mitchellae,broken-head,C.114513,42,153.6,-28.71666667,
mitchellae_broken-head_c.114513_43.jpg,4829,4389,4.829,4.389,0.908883827,mitchellae,broken-head,C.114513,43,153.6,-28.71666667,
mitchellae_broken-head_c.114513_44.jpg,5328,5232,5.328,5.232,0.981981982,mitchellae,broken-head,C.114513,44,153.6,-28.71666667,
mitchellae_broken-head_c.114513_45.jpg,5008,4320,5.008,4.32,0.862619808,mitchellae,broken-head,C.114513,45,153.6,-28.71666667,
mitchellae_byron-bay_c.112236_01.jpg,5324,5148,5.324,5.148,0.966942149,mitchellae,byron-bay,C.112236,1,153.6,-28.71666667,
mitchellae_byron-bay_c.112236_02.jpg,5665,5929,5.665,5.929,1.046601942,mitchellae,byron-bay,C.112236,2,153.6,-28.71666667,
mitchellae_byron-bay_c.112237_01.jpg,5236,3652,5.236,3.652,0.697478992,mitchellae,byron-bay,C.112237,1,153.6166667,-28.65,
mitchellae_byron-bay_c.112238_01.jpg,5335,4048,5.335,4.048,0.758762887,mitchellae,byron-bay,C.112238,1,153.6166667,-28.65,
mitchellae_byron-bay_c.112238_02.jpg,4411,3916,4.411,3.916,0.887780549,mitchellae,byron-bay,C.112238,2,153.6166667,-28.65,
mitchellae_byron-bay_c.112238_03.jpg,4960,3824,4.96,3.824,0.770967742,mitchellae,byron-bay,C.112238,3,153.6166667,-28.65,
mitchellae_byron-bay_c.112238_04.jpg,4224,3784,4.224,3.784,0.895833333,mitchellae,byron-bay,C.112238,4,153.6166667,-28.65,
mitchellae_byron-bay_c.112238_05.jpg,4092,4224,4.092,4.224,1.032258065,mitchellae,byron-bay,C.112238,5,153.6166667,-28.65,
mitchellae_byron-bay_c.112238_06.jpg,4848,4608,4.848,4.608,0.95049505,mitchellae,byron-bay,C.112238,6,153.6166667,-28.65,
mitchellae_byron-bay_c.112238_07.jpg,5776,4592,5.776,4.592,0.79501385,mitchellae,byron-bay,C.112238,7,153.6166667,-28.65,
mitchellae_byron-bay_c.112238_08.jpg,4656,4512,4.656,4.512,0.969072165,mitchellae,byron-bay,C.112238,8,153.6166667,-28.65,
mitchellae_byron-bay_c.112238_09.jpg,4796,4873,4.796,4.873,1.016055046,mitchellae,byron-bay,C.112238,9,153.6166667,-28.65,
mitchellae_byron-bay_c.112238_10.jpg,5232,4544,5.232,4.544,0.868501529,mitchellae,byron-bay,C.112238,10,153.6166667,-28.65,
mitchellae_byron-bay_c.112238_11.jpg,4818,4521,4.818,4.521,0.938356164,mitchellae,byron-bay,C.112238,11,153.6166667,-28.65,
mitchellae_byron-bay_c.112238_12.jpg,4592,4112,4.592,4.112,0.895470383,mitchellae,byron-bay,C.112238,12,153.6166667,-28.65,
mitchellae_byron-bay_c.112238_13.jpg,4675,3905,4.675,3.905,0.835294118,mitchellae,byron-bay,C.112238,13,153.6166667,-28.65,
mitchellae_byron-bay_c.112238_14.jpg,5440,4080,5.44,4.08,0.75,mitchellae,byron-bay,C.112238,14,153.6166667,-28.65,
mitchellae_byron-bay_c.112239_01.jpg,5203,5005,5.203,5.005,0.961945032,mitchellae,byron-bay,C.112239,1,153.6166667,-28.65,
mitchellae_byron-bay_c.112240_01.jpg,4848,4432,4.848,4.432,0.914191419,mitchellae,byron-bay,C.112240,1,153.6166667,-28.65,
mitchellae_byron-bay_c.112241_01.jpg,5060,5027,5.06,5.027,0.993478261,mitchellae,byron-bay,C.112241,1,153.6166667,-28.65,
mitchellae_byron-bay_c.112242_01.jpg,4736,4880,4.736,4.88,1.030405405,mitchellae,byron-bay,C.112242,1,153.6166667,-28.65,
mitchellae_byron-bay_c.112243_01.jpg,5552,5504,5.552,5.504,0.991354467,mitchellae,byron-bay,C.112243,1,153.6,-28.685,
mitchellae_byron-bay_c.112243_02.jpg,5071,4235,5.071,4.235,0.835140998,mitchellae,byron-bay,C.112243,2,153.6,-28.685,
mitchellae_byron-bay_c.112243_03.jpg,4646,4209,4.646,4.209,0.905940594,mitchellae,byron-bay,C.112243,3,153.6,-28.685,
mitchellae_byron-bay_c.112250_01.jpg,5687,5456,5.687,5.456,0.959381044,mitchellae,byron-bay,C.112250,1,153.5833333,-28.66666667,
mitchellae_byron-bay_c.441635_01.jpg,4180,4818,4.18,4.818,1.152631579,mitchellae,byron-bay,C.441635,1,153.5683333,-28.62388889,
mitchellae_byron-bay_c.441635_02.jpg,4592,3952,4.592,3.952,0.860627178,mitchellae,byron-bay,C.441635,2,153.5683333,-28.62388889,
mitchellae_byron-bay_c.441635_03.jpg,3938,3542,3.938,3.542,0.899441341,mitchellae,byron-bay,C.441635,3,153.5683333,-28.62388889,
mitchellae_byron-bay_c.441635_04.jpg,4496,4424,4.496,4.424,0.983985765,mitchellae,byron-bay,C.441635,4,153.5683333,-28.62388889,
mitchellae_byron-bay_c.441635_05.jpg,4232,4368,4.232,4.368,1.032136106,mitchellae,byron-bay,C.441635,5,153.5683333,-28.62388889,
mitchellae_byron-bay_c.441635_06.jpg,4268,4169,4.268,4.169,0.976804124,mitchellae,byron-bay,C.441635,6,153.5683333,-28.62388889,
mitchellae_byron-bay_c.441635_07.jpg,4560,4224,4.56,4.224,0.926315789,mitchellae,byron-bay,C.441635,7,153.5683333,-28.62388889,
mitchellae_byron-bay_c.441635_08.jpg,4521,4510,4.521,4.51,0.99756691,mitchellae,byron-bay,C.441635,8,153.5683333,-28.62388889,
mitchellae_byron-bay_c.441635_09.jpg,3624,3784,3.624,3.784,1.04415011,mitchellae,byron-bay,C.441635,9,153.5683333,-28.62388889,
mitchellae_byron-bay_c.441635_10.jpg,4520,4320,4.52,4.32,0.955752212,mitchellae,byron-bay,C.441635,10,153.5683333,-28.62388889,
mitchellae_byron-bay_c.441635_11.jpg,4026,4224,4.026,4.224,1.049180328,mitchellae,byron-bay,C.441635,11,153.5683333,-28.62388889,
mitchellae_byron-bay_c.441635_12.jpg,4367,4499,4.367,4.499,1.0302267,mitchellae,byron-bay,C.441635,12,153.5683333,-28.62388889,
mitchellae_byron-bay_c.584214_01.jpg,4696,3400,4.696,3.4,0.724020443,mitchellae,byron-bay,C.584214,1,153.6116667,-28.64916667,
mitchellae_byron-bay_c.584218.001_01.jpg,5616,4928,5.616,4.928,0.877492877,mitchellae,byron-bay,C.584218.001,1,153.6116667,-28.66222222,
mitchellae_byron-bay_c.584219.001_01.jpg,5082,4917,5.082,4.917,0.967532468,mitchellae,byron-bay,C.584219.001,1,153.6116667,-28.66222222,
mitchellae_cumbebin-swamp_c.320055_01.jpg,4532,4455,4.532,4.455,0.983009709,mitchellae,C.mbebin-swamp,C.320055,1,153.6141667,-28.65861111,
mitchellae_cumbebin-swamp_c.584217_01.jpg,4320,3872,4.32,3.872,0.896296296,mitchellae,C.mbebin-swamp,C.584217,1,153.6044444,-28.64555556,
mitchellae_kingscliff_c.584239.001_01.jpg,4010,3350,4.01,3.35,0.835411471,mitchellae,kingscliff,C.584239.001,1,153.5713889,-28.25944444,
mitchellae_mullumbimby_c.272200_01.jpg,4774,4697,4.774,4.697,0.983870968,mitchellae,mullumbimby,C.272200,1,153.428056,-28.573056,
mitchellae_mullumbimby_c.348956_01.jpg,6394,5474,6.394,5.474,0.856115108,mitchellae,mullumbimby,C.348956,1,153.428056,-28.573056,
mitchellae_richmond-lower_c.003392_01.jpg,5071,4829,5.071,4.829,0.952277657,mitchellae,richmond-lower,C.003392,1,153.516667,-28.85,
mitchellae_richmond-lower_c.003392_02.jpg,4408,4264,4.408,4.264,0.967332123,mitchellae,richmond-lower,C.003392,2,153.516667,-28.85,
mitchellae_richmond-river_c.112232_01.jpg,3744,3296,3.744,3.296,0.88034188,mitchellae,richmond-river,C.112232,1,153.56,-28.87666667,
mitchellae_richmond-river_c.112232_02.jpg,3888,3888,3.888,3.888,1,mitchellae,richmond-river,C.112232,2,153.56,-28.87666667,
mitchellae_richmond-river_c.112233_01.jpg,5357,5302,5.357,5.302,0.98973306,mitchellae,richmond-river,C.112233,1,153.56,-28.87666667,
mitchellae_richmond-river_c.112234_01.jpg,4730,5016,4.73,5.016,1.060465116,mitchellae,richmond-river,C.112234,1,153.56,-28.87666667,
mitchellae_richmond-river_c.112234_02.jpg,4560,4608,4.56,4.608,1.010526316,mitchellae,richmond-river,C.112234,2,153.56,-28.87666667,
mitchellae_suffolk-park_c.371958_01.jpg,4600,5152,4.6,5.152,1.12,mitchellae,suffolk-park,C.371958,1,153.609722,-28.680833,
mitchellae_tweed_c.117022_01.jpg,4466,5291,4.466,5.291,1.184729064,mitchellae,tweed,C.117022,1,153.4966667,-28.27305556,
mitchellae_tweed_c.117022_02.jpg,5088,4864,5.088,4.864,0.955974843,mitchellae,tweed,C.117022,2,153.4966667,-28.27305556,
mitchellae_tweed_c.129335_01.jpg,4862,4070,4.862,4.07,0.837104072,mitchellae,tweed,C.129335,1,153.4966667,-28.27305556,
mitchellae_tweed_c.158030_01.jpg,4598,4884,4.598,4.884,1.062200957,mitchellae,tweed,C.158030,1,153.4966667,-28.27305556,
mitchellae_tweed_c.158030_02.jpg,5304,4624,5.304,4.624,0.871794872,mitchellae,tweed,C.158030,2,153.4966667,-28.27305556,
mitchellae_tweed_c.158030_03.jpg,4480,4784,4.48,4.784,1.067857143,mitchellae,tweed,C.158030,3,153.4966667,-28.27305556,
mitchellae_tweed_c.163390_01.jpg,4818,4598,4.818,4.598,0.9543379,mitchellae,tweed,C.163390,1,153.4966667,-28.27305556,
mitchellae_wilsons-river_c.121725_01.jpg,5496,5176,5.496,5.176,0.941775837,mitchellae,wilsons-river,C.121725,1,153.45,-28.58333333,
novaehollandiae_Acacia-Plateau_QM127113_01.jpg,3823,2816,3.823,2.816,0.736594298,novaehollandiae,Acacia-Plateau,MO127113,1,-28.333333,152.416667,
novaehollandiae_Barrington-Tops_C.584421_01.jpg,4504,3504,4.504,3.504,0.777975133,novaehollandiae,Barrington-Tops,C.584421,1,151.6833,-32.0618,
novaehollandiae_Barrington-Tops_C.584422_01.jpg,4920,3216,4.92,3.216,0.653658537,novaehollandiae,Barrington-Tops,C.584422,1,151.4672,-32.1247,
novaehollandiae_Barrington-Tops_C.584423_01.jpg,4048,3421,4.048,3.421,0.845108696,novaehollandiae,Barrington-Tops,C.584423,1,151.4672,-32.1247,
novaehollandiae_Bellengen_QM10840_01.jpg,4658,3437,4.658,3.437,0.737870331,novaehollandiae,Bellengen,MO10840,1,152.8,-30.366667,
novaehollandiae_Boorgana_QM31445_01.jpg,3664,2640,3.664,2.64,0.720524017,novaehollandiae,Boorgana,MO31445,1,152.416667,-31.633333,
novaehollandiae_Broader-Ranges_QM17248_01.jpg,5368,4081,5.368,4.081,0.760245902,novaehollandiae,Broader-Ranges,MO17248,1,153.1,-28.366667,
novaehollandiae_Bruxner_QM33097_01.jpg,4719,3421,4.719,3.421,0.724941725,novaehollandiae,Bruxner,MO33097,1,153.116667,-30.25,
novaehollandiae_Daisy_QM36992-Plains_01.jpg,3465,3091,3.465,3.091,0.892063492,novaehollandiae,Daisy,MO36992,1,152.255278,-30.9075,12713
novaehollandiae_Dorrigo_QM33065_01.jpg,4416,3168,4.416,3.168,0.717391304,novaehollandiae,Dorrigo,MO33065,1,152.566667,-30.366667,
novaehollandiae_Dungog_QM56374_01.jpg,4499,3443,4.499,3.443,0.765281174,novaehollandiae,Dungog,MO56374,1,151.183333,-32.125,
novaehollandiae_New-England_QM32917_01.jpg,4389,3003,4.389,3.003,0.684210526,novaehollandiae,New-England,MO32917,1,152.383333,-30.5,
novaehollandiae_Telegherry_QM31867_01.jpg,4637,3256,4.637,3.256,0.702178132,novaehollandiae,Telegherry,MO31867,1,151.683333,-32.116667,
novaehollandiae_Warwick_QM66656_01.jpg,3480,2680,3.48,2.68,0.770114943,novaehollandiae,Warwick,MO66656,1,152.333333,-28.233333,
novaehollandiae_Way-way_QM19139_01.jpg,4169,4290,4.169,4.29,1.029023747,novaehollandiae,Way-way,MO19139,1,152.948611,-30.7875,
novaehollandiae_armidale_c.105155_01.jpg,3960,3688,3.96,3.688,0.931313131,novaehollandiae,armidale,C.105155,1,152.45,-30.55,
novaehollandiae_armidale_c.105160_01.jpg,3437,3696,3.437,3.696,1.075356415,novaehollandiae,armidale,C.105160,1,152.4,-30.5,
novaehollandiae_armidale_c.105165_01.jpg,3839,3421,3.839,3.421,0.891117479,novaehollandiae,armidale,C.105165,1,152.0433333,-30.73972222,
novaehollandiae_armidale_c.112196_01.jpg,3114,3162,3.114,3.162,1.015414258,novaehollandiae,armidale,C.112196,1,152.4,-30.5,
novaehollandiae_armidale_c.112197_01.jpg,3707,3377,3.707,3.377,0.910979228,novaehollandiae,armidale,C.112197,1,152.4072222,-30.49361111,
novaehollandiae_armidale_c.112197_02.jpg,3256,3058,3.256,3.058,0.939189189,novaehollandiae,armidale,C.112197,2,152.4072222,-30.49361111,
novaehollandiae_armidale_c.272204_01.jpg,4096,3408,4.096,3.408,0.83203125,novaehollandiae,armidale,C.272204,1,152.386389,-30.505,
novaehollandiae_armidale_c.348948_01.jpg,4248,3736,4.248,3.736,0.879472693,novaehollandiae,armidale,C.348948,1,152.3863889,-30.505,
novaehollandiae_brooklana_c.042050_01.jpg,5005,3674,5.005,3.674,0.734065934,novaehollandiae,brooklana,C.042050,1,152.853333,-30.270833,
novaehollandiae_bruxner_c.517182_01.jpg,5360,4032,5.36,4.032,0.752238806,novaehollandiae,bruxner,C.517182,1,153.1,-30.23333333,
novaehollandiae_bruxner_c.517182_02.jpg,4944,3792,4.944,3.792,0.766990291,novaehollandiae,bruxner,C.517182,2,153.1,-30.23333333,
novaehollandiae_bugan_c.460243_01.jpg,4792,3736,4.792,3.736,0.779632721,novaehollandiae,bugan,C.460243,1,152.0205556,-31.61083333,
novaehollandiae_buladelah_c.048983_01.jpg,4288,3368,4.288,3.368,0.785447761,novaehollandiae,buladelah,C.048983,1,152.255,-32.405,
novaehollandiae_buladelah_c.048983_02.jpg,4024,3424,4.024,3.424,0.850894632,novaehollandiae,buladelah,C.048983,2,152.255,-32.405,
novaehollandiae_bulahdelah_c.118236_01.jpg,4504,3776,4.504,3.776,0.838365897,novaehollandiae,bulahdelah,C.118236,1,152.2705556,-32.33361111,
novaehollandiae_bulahdelah_c.158013_01.jpg,4114,3476,4.114,3.476,0.844919786,novaehollandiae,bulahdelah,C.158013,1,152.2586111,-32.34555556,
novaehollandiae_bulahdelah_c.272198_01.jpg,4411,3938,4.411,3.938,0.89276808,novaehollandiae,bulahdelah,C.272198,1,152.270556,-32.333611,
novaehollandiae_chichester_c.165925_01.jpg,3982,3459,3.982,3.459,0.868658965,novaehollandiae,C.ichester,C.165925,1,151.4166667,-32.11666667,
novaehollandiae_coolongolook_c.112174_01.jpg,4307,3427,4.307,3.427,0.795681449,novaehollandiae,C.olongolook,C.112174,1,152.3333333,-32.11666667,
novaehollandiae_coolongolook_c.272205_01.jpg,5192,3832,5.192,3.832,0.738058552,novaehollandiae,C.olongolook,C.272205,1,152.339722,-32.250833,
novaehollandiae_cottan-bimbang_c.575477_01.jpg,3833,3701,3.833,3.701,0.965562223,novaehollandiae,C.ttan-bimbang,C.575477,1,152.175,-31.41388889,
novaehollandiae_darrington_c.75153_01.jpg,4059,3608,4.059,3.608,0.888888889,novaehollandiae,darrington,C.75153,1,NA,NA,
novaehollandiae_dorigo_c.272199_01.jpg,3784,3488,3.784,3.488,0.921775899,novaehollandiae,dorigo,C.272199,1,152.141111,-31.666111,
novaehollandiae_dorigo_c.272203_01.jpg,4632,3936,4.632,3.936,0.849740933,novaehollandiae,dorigo,C.272203,1,152.766667,-30.366667,
novaehollandiae_dorrigo_c.024546_01.jpg,3548,2968,3.548,2.968,0.836527621,novaehollandiae,dorrigo,C.024546,1,152.725,-30.375,
novaehollandiae_dorrigo_c.028508_01.jpg,4466,3454,4.466,3.454,0.773399015,novaehollandiae,dorrigo,C.028508,1,152.725,-30.375,
novaehollandiae_dorrigo_c.031147_01.jpg,4229,3312,4.229,3.312,0.783163869,novaehollandiae,dorrigo,C.031147,1,152.725,-30.375,
novaehollandiae_dorrigo_c.043899_01.jpg,4080,3512,4.08,3.512,0.860784314,novaehollandiae,dorrigo,C.043899,1,152.7166667,-30.33833333,
novaehollandiae_dorrigo_c.043899_02.jpg,4312,3872,4.312,3.872,0.897959184,novaehollandiae,dorrigo,C.043899,2,152.7166667,-30.33833333,
novaehollandiae_dorrigo_c.043899_03.jpg,4136,3630,4.136,3.63,0.877659574,novaehollandiae,dorrigo,C.043899,3,152.7166667,-30.33833333,
novaehollandiae_dorrigo_c.105157_01.jpg,5040,3864,5.04,3.864,0.766666667,novaehollandiae,dorrigo,C.105157,1,152.7266667,-30.37666667,
novaehollandiae_dorrigo_c.112183_01.jpg,4395,3482,4.395,3.482,0.792263936,novaehollandiae,dorrigo,C.112183,1,152.725,-30.375,
novaehollandiae_dorrigo_c.112185_01.jpg,4208,3680,4.208,3.68,0.874524715,novaehollandiae,dorrigo,C.112185,1,152.4266667,-30.09305556,
novaehollandiae_dorrigo_c.112195_01.jpg,3168,2808,3.168,2.808,0.886363636,novaehollandiae,dorrigo,C.112195,1,152.4730556,-30.55,
novaehollandiae_dorrigo_c.117955_01.jpg,5048,3832,5.048,3.832,0.75911252,novaehollandiae,dorrigo,C.117955,1,152.4266667,-30.09305556,
novaehollandiae_dorrigo_c.117955_02.jpg,5170,4158,5.17,4.158,0.804255319,novaehollandiae,dorrigo,C.117955,2,152.4266667,-30.09305556,
novaehollandiae_dorrigo_c.128360_01.jpg,4862,3575,4.862,3.575,0.735294118,novaehollandiae,dorrigo,C.128360,1,152.7394444,-30.38916667,
novaehollandiae_dorrigo_c.158011_01.jpg,5258,3498,5.258,3.498,0.665271967,novaehollandiae,dorrigo,C.158011,1,152.795,-30.36333333,
novaehollandiae_dorrigo_c.158020_01.jpg,4352,3856,4.352,3.856,0.886029412,novaehollandiae,dorrigo,C.158020,1,152.7241667,-30.37305556,
novaehollandiae_dorrigo_c.158022_01.jpg,3553,3438,3.553,3.438,0.967632986,novaehollandiae,dorrigo,C.158022,1,152.725,-30.375,
novaehollandiae_dorrigo_c.172710_01.jpg,4912,3952,4.912,3.952,0.804560261,novaehollandiae,dorrigo,C.172710,1,152.745,-30.39333333,
novaehollandiae_dorrigo_c.172710_02.jpg,4631,3641,4.631,3.641,0.786223278,novaehollandiae,dorrigo,C.172710,2,152.745,-30.39333333,
novaehollandiae_dorrigo_c.172710_03.jpg,4704,3488,4.704,3.488,0.741496599,novaehollandiae,dorrigo,C.172710,3,152.745,-30.39333333,
novaehollandiae_dorrigo_c.320785_01.jpg,3575,3949,3.575,3.949,1.104615385,novaehollandiae,dorrigo,C.320785,1,152.4077778,-30.48972222,
novaehollandiae_dorrigo_c.347159_01.jpg,4362,3195,4.362,3.195,0.732462173,novaehollandiae,dorrigo,C.347159,1,152.4266667,-30.09305556,
novaehollandiae_dorrigo_c.348947_01.jpg,4816,4176,4.816,4.176,0.867109635,novaehollandiae,dorrigo,C.348947,1,152.7241667,-30.37305556,
novaehollandiae_dungog_c.105162_01.jpg,5247,3729,5.247,3.729,0.710691824,novaehollandiae,dungog,C.105162,1,151.4,-32.033333,
novaehollandiae_dungog_c.112168_01.jpg,4493,3487,4.493,3.487,0.77609615,novaehollandiae,dungog,C.112168,1,151.3666667,-32.16666667,
novaehollandiae_dungog_c.112172_01.jpg,4272,2804,4.272,2.804,0.656367041,novaehollandiae,dungog,C.112172,1,151.7516667,-32.25666667,
novaehollandiae_dungog_c.112184_01.jpg,4147,3042,4.147,3.042,0.73354232,novaehollandiae,dungog,C.112184,1,151.7516667,-32.25666667,
novaehollandiae_dungog_c.158010_01.jpg,4378,3806,4.378,3.806,0.869346734,novaehollandiae,dungog,C.158010,1,151.4266667,-32.11166667,
novaehollandiae_dungog_c.158014_01.jpg,4160,3752,4.16,3.752,0.901923077,novaehollandiae,dungog,C.158014,1,151.5216667,-32.15305556,
novaehollandiae_dungog_c.158015_01.jpg,5368,3993,5.368,3.993,0.743852459,novaehollandiae,dungog,C.158015,1,151.4683333,-32.12916667,
novaehollandiae_dungog_c.348949_01.jpg,4191,3597,4.191,3.597,0.858267717,novaehollandiae,dungog,C.348949,1,151.4697222,-32.12833333,
novaehollandiae_forster_c.104898_01.jpg,4192,4000,4.192,4,0.954198473,novaehollandiae,forster,C.104898,1,152.45,-32.32666667,
novaehollandiae_forster_c.488779_01.jpg,4829,3949,4.829,3.949,0.817767654,novaehollandiae,forster,C.488779,1,152.4466667,-32.34277778,
novaehollandiae_gibraltar_c.131450_01.jpg,5654,4136,5.654,4.136,0.73151751,novaehollandiae,gibraltar,C.131450,1,152.3333333,-29.53333333,
novaehollandiae_gibraltar_c.589238_01.jpg,4552,3880,4.552,3.88,0.852372583,novaehollandiae,gibraltar,C.589238,1,152.2311111,-29.55305556,
novaehollandiae_gloucester_c.112182_01.jpg,6026,4255,6.026,4.255,0.70610687,novaehollandiae,gloucester,C.112182,1,151.5916667,-32.09166667,
novaehollandiae_kempsey_c.081396_01.jpg,4279,2915,4.279,2.915,0.681233933,novaehollandiae,kempsey,C.081396,1,152.6886111,-31.095,
novaehollandiae_kempsey_c.102866_01.jpg,5192,3564,5.192,3.564,0.686440678,novaehollandiae,kempsey,C.102866,1,152.4083333,-31.16666667,
novaehollandiae_kempsey_c.102866_02.jpg,4944,4128,4.944,4.128,0.834951456,novaehollandiae,kempsey,C.102866,2,152.4083333,-31.16666667,
novaehollandiae_kempsey_c.121699_01.jpg,3399,3075,3.399,3.075,0.904677846,novaehollandiae,kempsey,C.121699,1,152.3333333,-31.01666667,
novaehollandiae_kempsey_c.158006_01.jpg,3690,3108,3.69,3.108,0.842276423,novaehollandiae,kempsey,C.158006,1,152.9783333,-30.82138889,
novaehollandiae_kempsey_c.158009_01.jpg,3992,3504,3.992,3.504,0.877755511,novaehollandiae,kempsey,C.158009,1,152.9783333,-30.82138889,
novaehollandiae_kempsey_c.158023_01.jpg,3768,2944,3.768,2.944,0.781316348,novaehollandiae,kempsey,C.158023,1,152.7783333,-30.88138889,
novaehollandiae_lower-bellinger_c.033230_01.jpg,4345,3740,4.345,3.74,0.860759494,novaehollandiae,lower-bellinger,C.033230,1,152.5,-30.43638889,
novaehollandiae_lower-bellinger_c.033230_02.jpg,4032,3872,4.032,3.872,0.96031746,novaehollandiae,lower-bellinger,C.033230,2,152.5,-30.43638889,
novaehollandiae_lower-bellinger_c.320635_01.jpg,5088,4176,5.088,4.176,0.820754717,novaehollandiae,lower-bellinger,C.320635,1,152.5,-30.43638889,
novaehollandiae_macksville_c.158021_01.jpg,4774,4213,4.774,4.213,0.882488479,novaehollandiae,macksville,C.158021,1,152.9491667,-30.78666667,
novaehollandiae_manning-river_c.112181_01.jpg,5200,3776,5.2,3.776,0.726153846,novaehollandiae,manning-river,C.112181,1,NA,NA,
novaehollandiae_manning-river_c.112181_02.jpg,4075,3635,4.075,3.635,0.89202454,novaehollandiae,manning-river,C.112181,2,NA,NA,
novaehollandiae_morisset_c.108564_01.jpg,4224,3584,4.224,3.584,0.848484848,novaehollandiae,morisset,C.108564,1,151.4016667,-33.1,
novaehollandiae_na_NHM1977032_syntype.jpg,3543,2835,3.543,2.835,0.800169348,novaehollandiae,na,NHM1977032,syntype,NA,NA,
novaehollandiae_new-england_c.033227_01.jpg,4840,3410,4.84,3.41,0.704545455,novaehollandiae,new-england,C.033227,1,152.95,-30.46666667,
novaehollandiae_new-england_c.112171_01.jpg,4554,3718,4.554,3.718,0.816425121,novaehollandiae,new-england,C.112171,1,152.5833333,-30.40833333,
novaehollandiae_new-england_c.272196_01.jpg,4169,3751,4.169,3.751,0.899736148,novaehollandiae,new-england,C.272196,1,152.532778,-30.468611,
novaehollandiae_new-england_c.465639_01.jpg,4422,4070,4.422,4.07,0.92039801,novaehollandiae,new-england,C.465639,1,152.5327778,-30.46861111,
novaehollandiae_new-england_c.465644_01.jpg,4520,3840,4.52,3.84,0.849557522,novaehollandiae,new-england,C.465644,1,152.5327778,-30.46861111,
novaehollandiae_newcastle_c.033229_01.jpg,4976,3696,4.976,3.696,0.742765273,novaehollandiae,newcastle,C.033229,1,151.7333333,-32.86666667,
novaehollandiae_newcastle_c.033229_02.jpg,4608,3648,4.608,3.648,0.791666667,novaehollandiae,newcastle,C.033229,2,151.7333333,-32.86666667,
novaehollandiae_ngambaa_c.272194_01.jpg,4240,3680,4.24,3.68,0.867924528,novaehollandiae,ngambaa,C.272194,1,152.778889,-30.878889,
novaehollandiae_nuglin_c.575474_01.jpg,4994,4532,4.994,4.532,0.907488987,novaehollandiae,nuglin,C.575474,1,151.6077778,-31.34888889,
novaehollandiae_port-stephens_c.112175_01.jpg,4125,3817,4.125,3.817,0.925333333,novaehollandiae,port-stephens,C.112175,1,152.0833333,-32.7,
novaehollandiae_port-stephens_c.112175_02.jpg,3744,3784,3.744,3.784,1.010683761,novaehollandiae,port-stephens,C.112175,2,152.0833333,-32.7,
novaehollandiae_port-stephens_c.112175_03.jpg,4565,3674,4.565,3.674,0.804819277,novaehollandiae,port-stephens,C.112175,3,152.0833333,-32.7,
novaehollandiae_tapin-tops_c.272197_01.jpg,4304,3624,4.304,3.624,0.842007435,novaehollandiae,tapin-tops,C.272197,1,152.143056,-31.666944,
novaehollandiae_tapin-tops_c.272197_02.jpg,4704,3664,4.704,3.664,0.778911565,novaehollandiae,tapin-tops,C.272197,2,152.143056,-31.666944,
novaehollandiae_tapin-tops_c.593269_01.jpg,4176,3744,4.176,3.744,0.896551724,novaehollandiae,tapin-tops,C.593269,1,152.1430556,-31.66694444,
novaehollandiae_taree_c.033226_01.jpg,4301,3333,4.301,3.333,0.774936061,novaehollandiae,taree,C.033226,1,152.3666667,-31.86666667,
novaehollandiae_taree_c.035833_01.jpg,4504,3336,4.504,3.336,0.740674956,novaehollandiae,taree,C.035833,1,152.335,-31.92,
novaehollandiae_taree_c.040684_01.jpg,4224,3663,4.224,3.663,0.8671875,novaehollandiae,taree,C.040684,1,152.2383333,-31.59805556,
novaehollandiae_taree_c.075171_01.jpg,3883,3344,3.883,3.344,0.861189802,novaehollandiae,taree,C.075171,1,152.3808333,-31.87083333,
novaehollandiae_taree_c.091795_01.jpg,4272,3584,4.272,3.584,0.838951311,novaehollandiae,taree,C.091795,1,152.3666667,-31.86666667,
novaehollandiae_taree_c.109931_01.jpg,4323,3080,4.323,3.08,0.712468193,novaehollandiae,taree,C.109931,1,152.2383333,-31.59805556,
novaehollandiae_taree_c.153261_01.jpg,4392,3584,4.392,3.584,0.816029144,novaehollandiae,taree,C.153261,1,152.526667,-31.778333,
novaehollandiae_taree_c.174783_01.jpg,4456,3568,4.456,3.568,0.800718133,novaehollandiae,taree,C.174783,1,151.7833333,-31.625,
novaehollandiae_taree_c.272202_01.jpg,3559,3586,3.559,3.586,1.007586401,novaehollandiae,taree,C.272202,1,152.380833,-31.870833,
novaehollandiae_upper-bellinger_c.033228_01.jpg,4807,4037,4.807,4.037,0.839816934,novaehollandiae,upper-bellinger,C.033228,1,152.380833,-30.45833333,
novaehollandiae_upper-bellinger_c.033228_02.jpg,5760,4656,5.76,4.656,0.808333333,novaehollandiae,upper-bellinger,C.033228,2,152.380833,-30.45833333,
novaehollandiae_wallignat_c.158005_01.jpg,4392,3232,4.392,3.232,0.735883424,novaehollandiae,wallignat,C.158005,1,152.4416667,-32.31138889,
novaehollandiae_wallis_c.112169_01.jpg,4620,3619,4.62,3.619,0.783333333,novaehollandiae,wallis,C.112169,1,152.4833333,-32.23333333,
novaehollandiae_wallis_c.112169_02.jpg,4059,3355,4.059,3.355,0.826558266,novaehollandiae,wallis,C.112169,2,152.4833333,-32.23333333,
novaehollandiae_wallis_c.112169_03.jpg,4565,3344,4.565,3.344,0.73253012,novaehollandiae,wallis,C.112169,3,152.4833333,-32.23333333,
novaehollandiae_wallis_c.112199_01.jpg,4565,3509,4.565,3.509,0.768674699,novaehollandiae,wallis,C.112199,1,152.5480556,-32.335,
novaehollandiae_wallis_c.112199_02.jpg,4216,3920,4.216,3.92,0.929791271,novaehollandiae,wallis,C.112199,2,152.5480556,-32.335,
novaehollandiae_wauchop_c.105163_01.jpg,3664,3218,3.664,3.218,0.878275109,novaehollandiae,wauchop,C.105163,1,152.3897222,-31.19666667,
novaehollandiae_wauchope_c.107272_01.jpg,3432,3416,3.432,3.416,0.995337995,novaehollandiae,wauchope,C.107272,1,152.2766667,-31.13472222,
novaehollandiae_wauchope_c.158019_01.jpg,4008,3224,4.008,3.224,0.804391218,novaehollandiae,wauchope,C.158019,1,152.4772222,-31.20972222,
novaehollandiae_wauchope_c.158019_02.jpg,3696,3344,3.696,3.344,0.904761905,novaehollandiae,wauchope,C.158019,2,152.4772222,-31.20972222,
novaehollandiae_wauchope_c.158019_03.jpg,3168,3256,3.168,3.256,1.027777778,novaehollandiae,wauchope,C.158019,3,152.4772222,-31.20972222,
novaehollandiae_whoota_c.452998_01.jpg,4312,3135,4.312,3.135,0.727040816,novaehollandiae,whoota,C.452998,1,152.4666667,-32.3,
novaehollandiae_woolgoolga_c.158026_01.jpg,4712,3576,4.712,3.576,0.758913413,novaehollandiae,woolgoolga,C.158026,1,153.1416667,-30.12138889,
novaehollandiae_yarriabini_c.272195_01.jpg,4307,3394,4.307,3.394,0.788019503,novaehollandiae,yarriabini,C.272195,1,152.948056,-30.786944,
richmondiana_C.348955_Terania_01.jpg,5841,3894,5.841,3.894,0.666666667,richmondiana,Terania,C.348955,1,153.3166667,-28.56666667,name
richmondiana_Canondale_QM62693_01.jpg,6754,3971,6.754,3.971,0.587947883,richmondiana,Canondale,MO62693,1,152.633333,-26.733333,
richmondiana_Lamington_QM19051_01.jpg,6192,3752,6.192,3.752,0.605943152,richmondiana,Lamington,MO19051,1,153.2,28.216667,
richmondiana_Lamington_QM19051_02.jpg,5296,4016,5.296,4.016,0.758308157,richmondiana,Lamington,MO19051,2,153.2,28.216667,
richmondiana_Lamington_QM19051_03.jpg,5800,3968,5.8,3.968,0.684137931,richmondiana,Lamington,MO19051,3,153.2,28.216667,
richmondiana_Lamington_QM19051_04.jpg,5456,3864,5.456,3.864,0.708211144,richmondiana,Lamington,MO19051,4,153.2,28.216667,
richmondiana_Lamington_QM55411_01.jpg,5288,3984,5.288,3.984,0.753403933,richmondiana,Lamington,MO55411,1,153.216667,-28.25,
richmondiana_Lamington_QM55413_01.jpg,5467,4147,5.467,4.147,0.758551308,richmondiana,Lamington,MO55413,1,153.2,-28.216667,
richmondiana_Lamington_QM55448_01.jpg,5504,4176,5.504,4.176,0.75872093,richmondiana,Lamington,MO55448,1,153.183333,-28.216667,
richmondiana_Lewer-Ballanjoi_QM25801_01.jpg,5940,4279,5.94,4.279,0.72037037,richmondiana,Lewer-Ballanjoi,MO25801,1,153.216667,-28.233333,
richmondiana_Mt-Glorius_QM4235_01.jpg,6680,4240,6.68,4.24,0.634730539,richmondiana,Mt-Glorius,MO4235,1,152.7674619,-27.3318739,
richmondiana_Mt-Warning_QM10496_01.jpg,5856,3840,5.856,3.84,0.655737705,richmondiana,Mt-Warning,MO10496,1,153.266667,-28.4,
richmondiana_booyong_c.112134_01.jpg,6064,3896,6.064,3.896,0.642480211,richmondiana,booyong,C.112134,1,153.4480556,-28.74805556,
richmondiana_booyong_c.112134_02.jpg,6496,4256,6.496,4.256,0.655172414,richmondiana,booyong,C.112134,2,153.4480556,-28.74805556,
richmondiana_byron-bay_c.112131_01.jpg,5874,4191,5.874,4.191,0.713483146,richmondiana,byron-bay,C.112131,1,153.6,-28.71666667,
richmondiana_curumbin-valley_c.158029_01.jpg,5568,3800,5.568,3.8,0.682471264,richmondiana,Crumbin-valley,C.158029,1,NA,NA,
richmondiana_darlington_c.112136_01.jpg,5885,5170,5.885,5.17,0.878504673,richmondiana,darlington,C.112136,1,153.15,-28.025,
richmondiana_lamington_c.112133_01.jpg,6320,4528,6.32,4.528,0.716455696,richmondiana,lamington,C.112133,1,153.1888889,-28.19611111,
richmondiana_lamington_c.112133_02.jpg,5864,4224,5.864,4.224,0.720327422,richmondiana,lamington,C.112133,2,153.1888889,-28.19611111,
richmondiana_lismore_c.012184_01.jpg,6112,4320,6.112,4.32,0.706806283,richmondiana,lismore,C.012184,1,153.3147222,-28.68805556,
richmondiana_lismore_c.103696_01.jpg,5775,3839,5.775,3.839,0.664761905,richmondiana,lismore,C.103696,1,153.3166667,-28.58333333,
richmondiana_lismore_c.105562_01.jpg,6256,4496,6.256,4.496,0.718670077,richmondiana,lismore,C.105562,1,153.4,-28.81666667,
richmondiana_lismore_c.105562_02.jpg,6448,5056,6.448,5.056,0.784119107,richmondiana,lismore,C.105562,2,153.4,-28.81666667,
richmondiana_lismore_c.112143_01.jpg,6096,4928,6.096,4.928,0.80839895,richmondiana,lismore,C.112143,1,153.4655556,-28.72833333,
richmondiana_lismore_c.128856_01.jpg,5600,4240,5.6,4.24,0.757142857,richmondiana,lismore,C.128856,1,153.3363889,-28.6375,
richmondiana_mt-glorious_c.107145_01.jpg,6384,3536,6.384,3.536,0.553884712,richmondiana,mt-glorious,C.107145,1,152.7666667,-27.33333333,
richmondiana_mt-glorius_c.474709_01.jpg,6105,3762,6.105,3.762,0.616216216,richmondiana,mt-glorius,C.474709,1,152.7675,-27.33472222,
richmondiana_mt-tamborine_c.092297_01.jpg,6248,3985,6.248,3.985,0.637804097,richmondiana,mt-tamborine,C.092297,1,153.1666667,-27.91666667,
richmondiana_mt-tamborine_c.112124_01.jpg,5896,4136,5.896,4.136,0.701492537,richmondiana,mt-tamborine,C.112124,1,153.1666667,-27.91666667,
richmondiana_mt-tamborine_c.112124_02.jpg,6648,3816,6.648,3.816,0.57400722,richmondiana,mt-tamborine,C.112124,2,153.1666667,-27.91666667,
richmondiana_mt-tamborine_c.112137_01.jpg,5688,3952,5.688,3.952,0.694796062,richmondiana,mt-tamborine,C.112137,1,153.1666667,-27.91666667,
richmondiana_mt-tamborine_c.112137_02.jpg,6000,4376,6,4.376,0.729333333,richmondiana,mt-tamborine,C.112137,2,153.1666667,-27.91666667,
richmondiana_mt-tamborine_c.112142_01.jpg,5904,4056,5.904,4.056,0.68699187,richmondiana,mt-tamborine,C.112142,1,153.1666667,-27.91666667,
richmondiana_mt-tamborine_c.158025_01.jpg,6240,4920,6.24,4.92,0.788461538,richmondiana,mt-tamborine,C.158025,1,NA,NA,
richmondiana_mt-tamborine_c.158025_02.jpg,6171,5016,6.171,5.016,0.812834225,richmondiana,mt-tamborine,C.158025,2,NA,NA,
richmondiana_mt-warning_c.112146_01.jpg,6352,4632,6.352,4.632,0.729219144,richmondiana,mt-warning,C.112146,1,153.2697222,-28.4,
richmondiana_mullumbimby_c.060028_01.jpg,6040,3784,6.04,3.784,0.626490066,richmondiana,mullumbimby,C.060028,1,153.35,-28.55,
richmondiana_mullumbimby_c.060028_02.jpg,8192,5464,8.192,5.464,0.666992188,richmondiana,mullumbimby,C.060028,2,153.35,-28.55,
richmondiana_mullumbimby_c.135521_01.jpg,6028,4048,6.028,4.048,0.671532847,richmondiana,mullumbimby,C.135521,1,153.3916667,-28.53333333,
richmondiana_na_NHM1983079_syntype.jpg,5600,4000,5.6,4,0.714285714,richmondiana,na,NHM1983079,syntype,NA,NA,
richmondiana_na_c.112126_01.jpg,6402,4004,6.402,4.004,0.625429553,richmondiana,na,C.112126,1,NA,NA,
richmondiana_na_c.114512_01.jpg,5973,4972,5.973,4.972,0.832412523,richmondiana,na,C.114512,1,NA,NA,
richmondiana_port-denison_c.71753_01.jpg,6622,4257,6.622,4.257,0.642857143,richmondiana,port-denison,C.71753,1,NA,NA,
richmondiana_richmond-river_c.112125_01.jpg,5588,4301,5.588,4.301,0.769685039,richmondiana,richmond-river,C.112125,1,NA,NA,
richmondiana_richmond-river_c.112125_02.jpg,6193,3949,6.193,3.949,0.637655417,richmondiana,richmond-river,C.112125,2,NA,NA,
richmondiana_richmond-river_c.112128_01.jpg,6256,4592,6.256,4.592,0.734015345,richmondiana,richmond-river,C.112128,1,NA,NA,
richmondiana_richmond-river_c.112132_01.jpg,6116,4103,6.116,4.103,0.670863309,richmondiana,richmond-river,C.112132,1,NA,NA,
richmondiana_richmond-river_c.112138_01.jpg,5610,4367,5.61,4.367,0.778431373,richmondiana,richmond-river,C.112138,1,NA,NA,
richmondiana_richmond-river_c.114511_01.jpg,5648,4280,5.648,4.28,0.757790368,richmondiana,richmond-river,C.114511,1,NA,NA,
richmondiana_richmond-river_c.114511_02.jpg,6544,3744,6.544,3.744,0.572127139,richmondiana,richmond-river,C.114511,2,NA,NA,
richmondiana_richmond-river_c.118330_01.jpg,6171,4422,6.171,4.422,0.71657754,richmondiana,richmond-river,C.118330,1,NA,NA,
richmondiana_richmond-river_c.118330_02.jpg,7172,4015,7.172,4.015,0.559815951,richmondiana,richmond-river,C.118330,2,NA,NA,
richmondiana_richmond-river_c.118330_03.jpg,6256,4496,6.256,4.496,0.718670077,richmondiana,richmond-river,C.118330,3,NA,NA,
richmondiana_richmond-river_c.158028_01.jpg,6560,4480,6.56,4.48,0.682926829,richmondiana,richmond-river,C.158028,1,NA,NA,
richmondiana_richmond-river_c.33223_01.jpg,6448,4096,6.448,4.096,0.635235732,richmondiana,richmond-river,C.33223,1,153.4,-28.533333,
richmondiana_richmond-river_c.33223_02.jpg,6912,4000,6.912,4,0.578703704,richmondiana,richmond-river,C.33223,2,153.4,-28.533333,
richmondiana_richmond-river_c.33224_01.jpg,5764,3938,5.764,3.938,0.683206107,richmondiana,richmond-river,C.33224,1,NA,NA,
richmondiana_richmond-river_c.33224_02.jpg,6523,4422,6.523,4.422,0.677908938,richmondiana,richmond-river,C.33224,2,NA,NA,
richmondiana_richmond-river_c.474704_01.jpg,5830,4004,5.83,4.004,0.686792453,richmondiana,richmond-river,C.474704,1,153.35,-29.06666667,
richmondiana_tweed_c.158027_01.jpg,6611,3817,6.611,3.817,0.577371048,richmondiana,tweed,C.158027,1,153.4966667,-28.27305556,
richmondiana_wollongbar_c.112135_01.jpg,6664,3896,6.664,3.896,0.584633854,richmondiana,wollongbar,C.112135,1,153.4,-28.81666667,based on C.105562
richmondiana_wollongbar_c.112135_02.jpg,5912,4824,5.912,4.824,0.815967524,richmondiana,wollongbar,C.112135,2,153.4,-28.81666667,based on C.105562
richmondiana_wollongbar_c.112135_03.jpg,5496,4416,5.496,4.416,0.80349345,richmondiana,wollongbar,C.112135,3,153.4,-28.81666667,based on C.105562
richmondiana_wollongbar_c.112135_04.jpg,5616,4584,5.616,4.584,0.816239316,richmondiana,wollongbar,C.112135,4,153.4,-28.81666667,based on C.105562
sp_Coolah-Tops_C.271927_01.jpg,3728,3288,3.728,3.288,0.881974249,sp2,Coolah-Tops,C.271927,1,150.2052778,-31.82166667,
sp_Coolah-Tops_C.271927_01.jpg,3728,3288,3.728,3.288,0.881974249,sp2,Coolah-Tops,C.271927,1,150.2052778,-31.82166667,
sp_Coolah-Tops_C.271928_01.jpg,3350,2650,3.35,2.65,0.791044776,sp2,Coolah-Tops,C.271928,1,150.2022222,-31.82305556,
sp_Coolah-Tops_C.271928_01.jpg,3350,2650,3.35,2.65,0.791044776,sp2,Coolah-Tops,C.271928,1,150.2022222,-31.82305556,
novaehollandiae_Gibraltar_QM17029_01.jpg,5412,3927,5.412,3.927,0.725609756,novaehollandiae,Gibraltar,MO17029,1,152.283333,-29.55,
novaehollandiae_Gibraltar_QM17029_02.jpg,5792,4000,5.792,4,0.690607735,novaehollandiae,Gibraltar,MO17029,2,152.283333,-29.55,
novaehollandiae_Gibraltar_QM17029_04.jpg,5742,3949,5.742,3.949,0.687739464,novaehollandiae,Gibraltar,MO17029,4,152.283333,-29.55,
novaehollandiae_Gibraltar_QM17029_05.jpg,5357,3861,5.357,3.861,0.72073922,novaehollandiae,Gibraltar,MO17029,5,152.283333,-29.55,
novaehollandiae_Main-Range_C.582443_01.jpg,3249,1989,3.249,1.989,0.612188366,novaehollandiae,Main-Range,C.582443,1,152.338889,-28.340833,
sp_Mt-Kaputar_C.478667_02.jpg,2249,1679,2.249,1.679,0.746554024,sp1,Mt-Kaputar,C.478667,2,150.1708333,-30.29305556,
sp_Mt-Kaputar_C.478667_02.jpg,2249,1679,2.249,1.679,0.746554024,sp1,Mt-Kaputar,C.478667,2,150.1708333,-30.29305556,
sp_Mt-Kaputar_QM32876_01.jpg,2821,2310,2.821,2.31,0.818858561,sp1,Mt-Kaputar,MO32876,1,150.15,-30.3,
novaehollandiae_Wilson-River_QM36956_01.jpg,3427,2173,3.427,2.173,0.634082288,novaehollandiae,Wilson-River,MO36956,1,152.477778,-31.209722,
novaehollandiae_Wilson-River_QM36956_02.jpg,4642,3498,4.642,3.498,0.753554502,novaehollandiae,Wilson-River,MO36956,2,152.477778,-31.209722,
